{
    "accuracy": 0.9401343921808186,
    "precision": 0.8131313131313131,
    "recall": 0.7252252252252253,
    "auc": 0.9399945882278038
}
