{
    "accuracy": 0.9276693455797933,
    "precision": 0.7533632286995515,
    "recall": 0.702928870292887,
    "auc": 0.9100808146607762
}
